Time,LIR100,LIR120,PIR110,PIR120,TIR100,TIR101,TIR110,TIR120,TIR121,TIR122,FIR100,FIR101,FIR110,FIR111,FIR112,FIR113,FIR120,FIR121,FIR122,FIR123,FIR124,FIR125,IIR110,IIR120
0.0,93767.665941,73.634852,27.989586,26.589849,615.963325,970.029966,1249.476019,245.3335538,529.706496,749.024524,2248.081828,9900.0,3883.882725,51690.468102,52940.666604,165.899497,2912.892256,26507.273555,3985.386968,710.765639,1630.21848,237.868276,280.667602,191.096932
1.0,90614.844017,73.020689,28.03356,27.417722,615.981904,971.336892,1248.873028,245.45187500000006,529.676819,748.862351,2249.109729,9900.0,3908.56743,52547.843697,53728.507359,166.646506,2854.176797,29902.634836,3971.348195,713.005805,1643.797041,241.068005,281.694276,213.400862
2.0,89357.239418,72.429916,27.965068,27.581911,616.006801,972.727954,1248.402203,245.9149916000001,529.606972,748.551104,2248.386223,9900.0,3957.324635,53343.9318,54017.455379,168.423529,2858.476025,30530.77244,3819.126096,715.484747,1643.455227,245.279193,283.591768,218.335343
3.0,88770.04278,71.950578,28.01342,27.65907,616.006327,972.595855,1248.076318,246.29984240000005,529.501201,748.130203,2248.556815,9900.0,3971.866302,53272.258811,53713.891711,168.894302,2911.136521,30821.494042,3711.937321,720.403898,1646.498443,250.320943,284.122832,221.121037
4.0,88470.745,71.5215,27.997427,27.688958,615.993204,972.542138,1247.865432,246.48237140000003,529.358905,747.656153,2248.418193,9900.0,3992.514181,53254.149355,53575.652018,169.645391,2951.35834,30933.367048,3550.197737,722.986895,1649.572355,255.948883,284.846457,222.719727
5.0,88308.965641,71.194225,27.951876,27.69613,616.016576,972.543085,1247.772137,246.60660560000008,529.180247,747.154916,2249.052569,9900.0,4017.72887,53253.28016,53495.246558,170.587155,2973.2567,30960.148351,3514.880468,729.446676,1650.910209,261.906262,285.682187,223.693865
6.0,88147.189584,70.888276,28.022766,27.696074,615.983927,971.836358,1247.769394,246.74663660000004,528.966257,746.650242,2248.708026,9900.0,4009.194412,52813.609659,52993.001104,170.230984,2983.098209,30959.938432,3461.536855,734.793499,1653.814169,268.170726,285.407408,224.409432
7.0,88030.678948,70.627125,28.011125,27.691005,615.99407,971.61704,1247.843455,246.91555760000003,528.717017,746.153718,2248.563891,9900.0,4016.391227,52656.540952,52788.960481,170.507784,3003.073968,30941.011926,3294.031936,741.783644,1654.958334,274.572568,285.642272,224.932484
8.0,87909.083202,70.488832,28.049728,27.68402,616.000293,971.085866,1247.982497,247.05004280000009,528.434801,745.674941,2248.882091,9900.0,4007.159706,52298.20119,52384.945036,170.159945,3024.479568,30914.911778,3258.209325,748.039599,1656.400152,281.060942,285.343448,225.345232
9.0,87837.37031,70.373086,28.012147,27.673161,616.006318,971.012559,1248.180661,247.15202360000004,528.122031,745.220131,2248.609217,9900.0,4014.2544,52209.203611,52256.733552,170.459852,3047.724089,30874.287926,3257.591205,755.920946,1657.783237,287.459595,285.575996,225.605851
10.0,87731.231156,70.251284,28.044796,27.66179,616.010517,970.542745,1248.416335,247.22033720000007,527.782787,744.794827,2248.938529,9900.0,4000.570139,51874.901515,51889.793068,169.960767,3060.921694,30831.692302,3168.225942,763.663255,1658.951669,293.743312,285.127204,225.797112
11.0,87662.92304,70.195699,28.042041,27.649139,616.005248,970.305563,1248.684374,247.29180080000003,527.420678,744.397815,2249.000822,9900.0,3994.433209,51676.628947,51655.052043,169.761568,3070.501038,30784.23315,3154.778575,772.248996,1659.725,299.829424,284.921466,225.906559
12.0,87581.289845,70.151998,27.958456,27.637372,615.998737,970.453218,1248.976055,247.36440740000006,527.040073,744.030533,2247.782731,9900.0,4002.472725,51710.470814,51679.423135,170.139234,3082.97549,30740.019579,3183.644635,781.513529,1660.495994,305.54748,285.19262,225.992031
13.0,87473.441381,70.086015,28.032381,27.627284,616.006943,969.767506,1249.277325,247.41860360000004,526.645952,743.696974,2248.665156,9900.0,3971.916508,51236.679795,51167.872945,169.008393,3095.554741,30702.067287,3148.729526,789.045966,1661.704493,311.009303,284.138308,226.078324
14.0,87394.034317,70.044026,28.00739,27.615686,615.971041,969.672405,1249.577275,247.45593380000003,526.241768,743.389678,2248.456715,9900.0,3963.86969,51125.171892,51035.948976,168.7628,3104.409631,30658.373541,3114.763669,796.7602,1661.71953,316.144192,283.84852,226.094097
15.0,87322.104057,70.027233,28.028343,27.604948,615.999929,969.341205,1249.872979,247.48863260000005,525.831959,743.109489,2248.757949,9900.0,3944.319539,50866.357184,50750.172976,168.068243,3112.074391,30617.86591,3098.599166,803.192763,1663.159454,320.973958,283.121853,226.098086
16.0,87262.421701,70.022769,28.005877,27.594577,615.985009,969.235946,1250.156103,247.51593680000005,525.420014,742.85501,2248.559576,9900.0,3932.892909,50751.469729,50621.76216,167.700949,3116.891798,30578.685842,3144.217044,811.075637,1662.789262,325.461312,282.683269,226.083021
17.0,87234.791998,69.986647,27.946672,27.585099,616.001176,969.325062,1250.431858,247.54353080000007,525.009402,742.624454,2248.777754,9900.0,3929.853256,50750.212958,50604.369119,167.664555,3125.301643,30542.838817,3135.452278,818.048636,1663.611036,329.529547,282.56525,226.06471
18.0,87181.006166,69.955835,27.972517,27.577155,616.018732,968.935876,1250.689413,247.55594000000005,524.603228,742.421462,2248.129578,9900.0,3905.841948,50468.381212,50307.677912,166.808507,3127.748987,30512.761944,3047.482427,824.352562,1663.513859,333.264343,281.604134,226.062125
19.0,87130.421542,69.992531,28.004795,27.568628,615.985578,968.554502,1250.912786,247.57394360000004,524.203538,742.23944,2248.072067,9900.0,3879.079739,50204.544527,50033.404073,165.847958,3133.16515,30480.441441,3152.831041,829.792939,1663.707526,336.74234,280.480573,226.026361
20.0,87146.013791,69.951952,27.992486,27.560295,616.000811,968.47688,1251.112339,247.5827132000001,523.812036,742.076115,2248.889432,9900.0,3865.695277,50118.812883,49930.472366,165.400077,3135.167908,30448.825998,3159.65069,835.461095,1663.655965,339.948173,279.898447,225.979065
21.0,87153.579232,69.908755,28.000334,27.552491,615.979226,968.266354,1251.277397,247.59393980000007,523.430491,741.930753,2248.045223,9900.0,3846.176452,49967.539571,49780.792139,164.715519,3143.732261,30419.184933,3127.290673,840.853651,1663.290698,342.915939,279.025441,225.929373
22.0,87200.079383,69.886601,27.998889,27.545136,616.000166,968.144208,1251.413515,247.5858254,523.059982,741.801217,2249.025451,9900.0,3830.997558,49868.109432,49674.955726,164.192176,3141.344605,30391.223141,3142.332836,845.634238,1662.65202,345.655338,278.32723,225.877942
23.0,87264.791113,69.858324,28.006021,27.537748,615.982664,967.965598,1251.515483,247.59658220000006,522.701423,741.686262,2248.671834,9900.0,3813.122365,49746.62245,49553.629962,163.565177,3136.984977,30363.108685,3128.85535,851.961908,1663.141994,348.196833,277.483571,225.812915
24.0,87367.23501,69.846444,28.008859,27.531335,616.0029,967.841068,1251.587511,247.61964920000005,522.355381,741.583229,2248.247834,9900.0,3798.315796,49658.251433,49463.13134,163.049588,3142.651623,30338.683721,3198.584294,855.375415,1662.513665,350.55651,276.767419,225.762589
25.0,87475.179168,69.782321,28.009358,27.52535,616.00032,967.750099,1251.629762,247.6206806,522.022158,741.489509,2248.331382,9900.0,3786.394601,49598.918235,49414.727831,162.635305,3143.566871,30315.872947,3183.069392,860.398696,1662.065649,352.743302,276.179388,225.715513
26.0,87643.658967,69.731631,27.992953,27.519008,616.018399,967.77548,1251.649961,247.62352460000008,521.702185,741.406479,2248.707236,9900.0,3779.870101,49607.311195,49419.007179,162.427681,3143.466595,30291.680284,3074.711237,862.968585,1661.037071,354.734744,275.853246,225.651086
27.0,87802.783722,69.763137,27.998551,27.513618,616.007139,967.69056,1251.647695,247.62866,521.395622,741.334238,2248.800442,9900.0,3771.143293,49560.895639,49386.773909,162.118552,3145.153764,30271.10216,3063.67607,859.600331,1660.265024,356.548956,275.41241,225.602866
28.0,87977.550103,69.803942,28.009822,27.508486,615.988288,967.573064,1251.619265,247.629272,521.102474,741.271493,2248.568143,9900.0,3759.879012,49500.573868,49335.194535,161.715217,3148.718769,30251.49903,3145.112504,857.217824,1659.404896,358.213882,274.835772,225.555187
29.0,88167.359021,69.784607,27.994714,27.503308,616.00547,967.63629,1251.56867,247.62227360000006,520.822534,741.215477,2248.588022,9900.0,3757.093989,49547.05002,49395.596691,161.63393,3152.080215,30231.705678,3120.478016,855.579743,1658.934253,359.703502,274.691421,225.500779
30.0,88396.115198,69.782857,27.974624,27.498625,615.987023,967.745877,1251.506685,247.61157800000007,520.554958,741.16643,2248.366022,9900.0,3758.473084,49623.792484,49475.816123,161.703438,3153.922005,30213.791995,3069.47718,854.503094,1658.032777,360.986071,274.762226,225.452882
31.0,88591.99862,69.818963,28.019636,27.494626,616.004435,967.477037,1251.428204,247.60201100000006,520.298617,741.124947,2248.764634,9900.0,3745.066666,49481.429618,49348.035152,161.18948,3153.24306,30198.488297,3099.06385,853.849605,1657.071474,362.148026,274.063538,225.41681
32.0,88888.145233,69.83569,27.972658,27.490187,615.991035,967.804483,1251.351028,247.59917780000006,520.05179,741.088914,2248.324172,9900.0,3757.848988,49684.580451,49540.782716,161.684719,3155.674792,30181.490928,3094.952146,853.512432,1655.736169,363.089823,274.729215,225.366017
33.0,89103.487272,69.855371,27.991188,27.487251,616.018258,967.639255,1251.260711,247.59103100000007,519.813755,741.062704,2249.310095,9900.0,3750.169283,49606.504815,49489.857096,161.397731,3155.530238,30170.244264,3066.935159,853.410652,1654.402294,363.876028,274.330007,225.348852
34.0,89343.720185,69.897307,28.013721,27.483793,615.991588,967.546733,1251.164695,247.58669120000008,519.583205,741.043679,2248.976971,9900.0,3746.235069,49571.749783,49456.255225,161.237543,3158.070301,30156.990615,3131.735184,853.482153,1653.138385,364.539851,274.123834,225.315752
35.0,89606.163233,69.891436,28.024384,27.480453,615.996635,967.537502,1251.067386,247.57710260000002,519.359147,741.030173,2248.57402,9900.0,3746.425034,49582.737481,49469.332138,161.233295,3157.981202,30144.184636,3175.436659,853.678998,1651.435223,365.087124,274.13352,225.283004
36.0,89903.62281,69.855068,27.994854,27.477162,615.999905,967.759249,1250.968455,247.57174580000006,519.140866,741.021534,2248.325993,9900.0,3755.283155,49730.176694,49619.485038,161.572494,3156.581895,30131.562056,3119.942781,853.963499,1650.982255,365.457451,274.595069,225.248524
37.0,90166.818178,69.861852,27.99413,27.474924,616.002271,967.787819,1250.869972,247.57155680000002,518.928108,741.019955,2248.24996,9900.0,3758.419379,49766.756375,49670.179551,161.682009,3162.284286,30122.974021,3139.862003,854.306895,1648.939748,365.659294,274.757041,225.237794
38.0,90427.92364,69.851203,27.998079,27.472967,615.994911,967.816119,1250.771732,247.55613440000008,518.720443,741.023928,2248.58634,9900.0,3761.203957,49802.997769,49712.603313,161.774437,3161.387534,30115.461202,3076.406233,854.687119,1647.929364,365.700992,274.900286,225.232657
39.0,90650.135354,69.888853,28.019019,27.470748,615.991295,967.698522,1250.671076,247.54966340000004,518.517545,741.036256,2248.368797,9900.0,3758.060393,49754.443828,49676.517557,161.643008,3162.123899,30106.942314,3084.774714,855.087595,1645.845984,365.633056,274.73805,225.218268
40.0,90936.712813,69.921081,27.995537,27.468679,615.993239,967.904587,1250.578726,247.5433562,518.318982,741.054234,2248.771782,9900.0,3768.238534,49888.709087,49800.825764,162.022923,3152.700208,30098.998761,3102.838224,855.494868,1643.735092,365.404851,275.260159,225.206267
41.0,91188.767037,69.94839,28.000011,27.467284,615.994969,967.930662,1250.490584,247.56242900000004,518.124835,741.081428,2248.608852,9900.0,3772.131505,49922.226001,49845.548675,162.153185,3161.566639,30093.638386,3108.418414,855.898727,1642.764076,365.028897,275.457824,225.20931
42.0,91377.676447,69.966487,28.038628,27.466676,615.999512,967.686491,1250.400772,247.5490694,517.934978,741.116002,2248.596683,9900.0,3764.43052,49797.498121,49735.454955,161.844946,3168.028883,30091.301758,3141.401832,856.292162,1640.774184,364.595841,275.065344,225.232897
43.0,91655.675384,69.956598,27.999027,27.464254,616.00706,968.063349,1250.316792,247.5267746,517.748966,741.153191,2248.430984,9900.0,3780.503519,50030.405121,49957.079918,162.445279,3168.381212,30081.99552,3085.583535,856.668625,1638.704507,363.9994,275.879502,225.208935
44.0,91909.502433,69.98813,27.986819,27.463215,616.011876,968.194817,1250.24569,247.51441580000002,517.567251,741.199692,2248.704801,9900.0,3790.091765,50121.197384,50054.63888,162.791558,3165.154532,30078.00201,3176.462097,857.02359,1636.610933,363.225723,276.356721,225.216122
45.0,92105.859737,69.956488,28.000657,27.462947,616.004828,968.102774,1250.179377,247.5151088,517.389933,741.255503,2249.231471,9900.0,3789.881832,50082.016581,50027.376335,162.770094,3164.38756,30076.974685,3157.841454,857.354152,1635.448346,362.329473,276.346332,225.24142
46.0,92331.791664,69.940194,27.980858,27.462651,616.002478,968.255983,1250.120218,247.51670900000005,517.216848,741.317873,2248.572313,9900.0,3798.041932,50182.359114,50123.532802,163.075714,3162.832144,30075.835332,3226.081316,857.657906,1633.177711,361.285425,276.747605,225.26626
47.0,92526.02043,69.876235,27.997725,27.462728,616.006318,968.198874,1250.069978,247.5212252,517.048188,741.387438,2248.919792,9900.0,3799.278776,50158.368454,50103.134676,163.10149,3157.298873,30076.129645,3092.21618,857.933863,1631.021598,360.135675,276.80804,225.3
48.0,92742.12239,69.9156,27.961228,27.462681,615.982738,968.453599,1250.027142,247.53745220000008,516.88387,741.465055,2248.072707,9900.0,3811.725206,50318.642554,50263.957266,163.573084,3164.944499,30075.950038,3180.602566,858.181244,1628.903074,358.824896,277.409944,225.33069
49.0,92827.435274,69.885782,28.047543,27.463666,615.99112,967.866357,1249.985855,247.52800580000007,516.724229,741.552488,2247.980641,9900.0,3791.638365,49983.864642,49946.52848,162.785007,3163.289252,30079.737066,3122.05725,858.401773,1626.11847,357.554849,276.433289,225.387654
50.0,93012.458853,69.900963,28.015994,27.462028,615.998392,968.16195,1249.943169,247.52890940000006,516.568508,741.641319,2248.88732,9900.0,3801.893349,50160.816119,50109.026619,163.175003,3165.926084,30073.439541,3191.921837,858.59547,1625.38763,356.233488,276.935445,225.377957
51.0,93214.170119,69.864085,27.994302,27.46197,615.993288,968.366683,1249.909851,247.52469560000006,516.41714,741.735285,2248.742888,9900.0,3812.007996,50287.305322,50233.969911,163.549545,3169.785059,30073.21783,3163.592033,858.762333,1622.725236,354.814263,277.423512,225.406526
52.0,93405.89383,69.845964,27.965265,27.462317,615.992558,968.571076,1249.88298,247.51549760000003,516.270377,741.83311,2248.578062,9900.0,3822.283061,50414.523088,50366.732746,163.93732,3164.464037,30074.552981,3142.481429,858.902258,1619.547678,353.258672,277.911888,225.444055
53.0,93511.301999,69.848087,28.01569,27.463158,616.006876,968.213106,1249.865,247.52517440000005,516.128467,741.939602,2249.285062,9900.0,3812.155185,50206.88615,50167.71502,163.534034,3170.141037,30077.785624,3125.307226,859.016832,1618.853165,351.699485,277.430771,225.492585
54.0,93699.982359,69.85966,27.955449,27.463405,616.01127,968.682834,1249.849745,247.518959,515.990946,742.048351,2249.439838,9900.0,3830.806275,50484.721047,50437.90012,164.245401,3167.36854,30078.733998,3151.147076,859.106124,1616.839579,350.005178,278.311431,225.527503
55.0,93785.908349,69.855236,27.992627,27.464509,616.002881,968.389276,1249.839917,247.52493500000006,515.8584,742.160878,2248.345937,9900.0,3821.95976,50317.128579,50283.685277,163.899807,3168.88154,30082.974541,3078.584024,859.171834,1613.871195,348.291463,277.896918,225.581973
56.0,93903.143254,69.903788,27.982879,27.465111,616.000121,968.458345,1249.832484,247.52710940000009,515.730436,742.275934,2249.004218,9900.0,3825.07894,50358.134427,50319.1605,164.019786,3177.308165,30085.288604,3090.097352,859.215315,1612.512984,346.547762,278.043859,225.624632
57.0,94010.678408,69.938516,27.982148,27.465724,615.99252,968.504724,1249.825741,247.51180760000005,515.607133,742.395053,2247.879738,9900.0,3827.358559,50388.835857,50353.222441,164.099482,3173.319721,30087.64535,3168.225713,859.237934,1610.415896,344.773037,278.150684,225.666993
58.0,94113.34028,69.919753,27.984617,27.46605,616.014533,968.486245,1249.822245,247.516601,515.488525,742.514935,2249.555634,9900.0,3827.159926,50376.106608,50339.212784,164.091028,3174.755435,30088.895845,3150.246325,859.241306,1608.264159,342.985253,278.141478,225.700103
59.0,94183.8741,69.914009,28.014349,27.467038,616.012099,968.314753,1249.819369,247.5185972000001,515.374561,742.635936,2248.741596,9900.0,3821.276958,50276.364383,50242.337141,163.855665,3176.565924,30092.692956,3133.860123,859.227513,1606.582956,341.244901,277.864876,225.750152
